createddate,approval_type,rate
2021-01-22,Approval,0.50552327
2021-01-22,Disapproval,0.38745197
2021-01-22,Approval,0.54659613
2021-01-22,Disapproval,0.34463042
2021-01-22,Approval,0.53737007
2021-01-22,Disapproval,0.33029437
2021-01-22,Approval,0.53492812
2021-01-22,Disapproval,0.32023597000000004
2021-01-22,Approval,0.50799336
2021-01-22,Disapproval,0.39421348
2021-01-22,Approval,0.5630453200000001
2021-01-22,Disapproval,0.32685021
2021-01-22,Approval,0.5360659799999999
2021-01-22,Disapproval,0.32669508
2021-01-25,Approval,0.50552327
2021-01-25,Disapproval,0.40745197
2021-01-25,Approval,0.58183597
2021-01-25,Disapproval,0.37429696999999995
2021-01-25,Approval,0.58370073
2021-01-25,Disapproval,0.38010219
2021-01-25,Approval,0.50799336
2021-01-25,Disapproval,0.41421348
2021-01-25,Approval,0.5360659799999999
2021-01-25,Disapproval,0.35669508
2021-01-26,Approval,0.50552327
2021-01-26,Disapproval,0.40745197
2021-01-26,Approval,0.50799336
2021-01-26,Disapproval,0.41421348
2021-01-27,Approval,0.54458244
2021-01-27,Disapproval,0.30012877
2021-01-27,Approval,0.57659613
2021-01-27,Disapproval,0.35463042
2021-01-27,Approval,0.52485593
2021-01-27,Disapproval,0.33587670000000003
2021-01-27,Approval,0.50552327
2021-01-27,Disapproval,0.41745196999999995
2021-01-27,Approval,0.54183987
2021-01-27,Disapproval,0.2931686
2021-01-27,Approval,0.52266469
2021-01-27,Disapproval,0.32489513999999997
2021-01-27,Approval,0.54744331
2021-01-27,Disapproval,0.30956081
2021-01-27,Approval,0.56606598
2021-01-27,Disapproval,0.33669508
2021-01-27,Approval,0.50799336
2021-01-27,Disapproval,0.42421348000000003
2021-01-27,Approval,0.53413204
2021-01-27,Disapproval,0.35128003999999996
2021-01-28,Approval,0.48659613
2021-01-28,Disapproval,0.31463042
2021-01-28,Approval,0.49659613
2021-01-28,Disapproval,0.31463042
2021-01-28,Approval,0.50659613
2021-01-28,Disapproval,0.32463042000000003
2021-01-28,Approval,0.56072331
2021-01-28,Disapproval,0.33505290000000004
2021-01-28,Approval,0.51659613
2021-01-28,Disapproval,0.32463042000000003
2021-01-28,Approval,0.51659613
2021-01-28,Disapproval,0.33463042000000004
2021-01-28,Approval,0.55771313
2021-01-28,Disapproval,0.35463879
2021-01-28,Approval,0.51659613
2021-01-28,Disapproval,0.33463042000000004
2021-01-28,Approval,0.51552327
2021-01-28,Disapproval,0.41745196999999995
2021-01-28,Approval,0.52659613
2021-01-28,Disapproval,0.34463042
2021-01-28,Approval,0.48553494999999997
2021-01-28,Disapproval,0.30131167000000003
2021-01-28,Approval,0.49553495
2021-01-28,Disapproval,0.30131167000000003
2021-01-28,Approval,0.5055349499999999
2021-01-28,Disapproval,0.31131167000000004
2021-01-28,Approval,0.5155349499999999
2021-01-28,Disapproval,0.31131167000000004
2021-01-28,Approval,0.5155349499999999
2021-01-28,Disapproval,0.32131167
2021-01-28,Approval,0.5155349499999999
2021-01-28,Disapproval,0.32131167
2021-01-28,Approval,0.52553495
2021-01-28,Disapproval,0.33131167
2021-01-28,Approval,0.56241303
2021-01-28,Disapproval,0.3392392
2021-01-28,Approval,0.56114336
2021-01-28,Disapproval,0.35725912
2021-01-28,Approval,0.51799336
2021-01-28,Disapproval,0.42421348000000003
2021-01-29,Approval,0.52552327
2021-01-29,Disapproval,0.38745197
2021-01-29,Approval,0.52799336
2021-01-29,Disapproval,0.39421348
2021-02-01,Approval,0.49945619999999996
2021-02-01,Disapproval,0.34825654
2021-02-01,Approval,0.53659613
2021-02-01,Disapproval,0.34963042
2021-02-01,Approval,0.53329282
2021-02-01,Disapproval,0.32886475
2021-02-01,Approval,0.51552327
2021-02-01,Disapproval,0.39745197
2021-02-01,Approval,0.56183597
2021-02-01,Disapproval,0.39429696999999997
2021-02-01,Approval,0.49867191
2021-02-01,Disapproval,0.33948830999999996
2021-02-01,Approval,0.53553495
2021-02-01,Disapproval,0.33631166999999995
2021-02-01,Approval,0.53181999
2021-02-01,Disapproval,0.32038283
2021-02-01,Approval,0.50944269
2021-02-01,Disapproval,0.35705105000000004
2021-02-01,Approval,0.56390935
2021-02-01,Disapproval,0.32419798
2021-02-01,Approval,0.56370073
2021-02-01,Disapproval,0.40010218999999997
2021-02-01,Approval,0.51799336
2021-02-01,Disapproval,0.40421348
2021-02-10,Approval,0.51485593
2021-02-10,Disapproval,0.3758767
2021-02-10,Approval,0.53552327
2021-02-10,Disapproval,0.40745197
2021-02-10,Approval,0.5573700699999999
2021-02-10,Disapproval,0.36029437000000003
2021-02-10,Approval,0.51266469
2021-02-10,Disapproval,0.36489514
2021-02-10,Approval,0.55492812
2021-02-10,Disapproval,0.35023597
2021-02-10,Approval,0.54413204
2021-02-10,Disapproval,0.39128004
2021-02-10,Approval,0.53799336
2021-02-10,Disapproval,0.41421348
2021-02-11,Approval,0.52659613
2021-02-11,Disapproval,0.36463042
2021-02-11,Approval,0.52659613
2021-02-11,Disapproval,0.37463042
2021-02-11,Approval,0.52659613
2021-02-11,Disapproval,0.37463042
2021-02-11,Approval,0.52659613
2021-02-11,Disapproval,0.37463042
2021-02-11,Approval,0.53659613
2021-02-11,Disapproval,0.36463042
2021-02-11,Approval,0.53659613
2021-02-11,Disapproval,0.36463042
2021-02-11,Approval,0.53659613
2021-02-11,Disapproval,0.36463042
2021-02-11,Approval,0.52552327
2021-02-11,Disapproval,0.40745197
2021-02-11,Approval,0.52553495
2021-02-11,Disapproval,0.35131166999999996
2021-02-11,Approval,0.52553495
2021-02-11,Disapproval,0.36131167
2021-02-11,Approval,0.52553495
2021-02-11,Disapproval,0.36131167
2021-02-11,Approval,0.52553495
2021-02-11,Disapproval,0.36131167
2021-02-11,Approval,0.53553495
2021-02-11,Disapproval,0.35131166999999996
2021-02-11,Approval,0.53553495
2021-02-11,Disapproval,0.35131166999999996
2021-02-11,Approval,0.53553495
2021-02-11,Disapproval,0.35131166999999996
2021-02-11,Approval,0.52799336
2021-02-11,Disapproval,0.41421348
2021-02-12,Approval,0.55183597
2021-02-12,Disapproval,0.40429697
2021-02-12,Approval,0.54552327
2021-02-12,Disapproval,0.38745197
2021-02-12,Approval,0.55370073
2021-02-12,Disapproval,0.41010219
2021-02-12,Approval,0.54799336
2021-02-12,Disapproval,0.39421348
2021-02-15,Approval,0.54659613
2021-02-15,Disapproval,0.35463042
2021-02-15,Approval,0.54659613
2021-02-15,Disapproval,0.36463042
2021-02-15,Approval,0.55659613
2021-02-15,Disapproval,0.36463042
2021-02-15,Approval,0.55552327
2021-02-15,Disapproval,0.36745196999999996
2021-02-15,Approval,0.54553495
2021-02-15,Disapproval,0.34131166999999996
2021-02-15,Approval,0.54553495
2021-02-15,Disapproval,0.35131166999999996
2021-02-15,Approval,0.55553495
2021-02-15,Disapproval,0.35131166999999996
2021-02-15,Approval,0.55799336
2021-02-15,Disapproval,0.37421348000000004
2021-02-16,Approval,0.55552327
2021-02-16,Disapproval,0.37745196999999997
2021-02-16,Approval,0.60659613
2021-02-16,Disapproval,0.36463042
2021-02-16,Approval,0.55799336
2021-02-16,Disapproval,0.38421348
2021-02-16,Approval,0.59606598
2021-02-16,Disapproval,0.34669508
2021-02-17,Approval,0.55518611
2021-02-17,Disapproval,0.37188048
2021-02-17,Approval,0.5223586
2021-02-17,Disapproval,0.3787775
2021-02-17,Approval,0.54659613
2021-02-17,Disapproval,0.41463042
2021-02-17,Approval,0.52552327
2021-02-17,Disapproval,0.40745197
2021-02-17,Approval,0.55485593
2021-02-17,Disapproval,0.3758767
2021-02-17,Approval,0.5200875899999999
2021-02-17,Disapproval,0.37204054
2021-02-17,Approval,0.55266469
2021-02-17,Disapproval,0.36489514
2021-02-17,Approval,0.55628524
2021-02-17,Disapproval,0.37668766
2021-02-17,Approval,0.5360659799999999
2021-02-17,Disapproval,0.39669508
2021-02-17,Approval,0.5641320400000001
2021-02-17,Disapproval,0.39128004
2021-02-17,Approval,0.52799336
2021-02-17,Disapproval,0.41421348
2021-02-18,Approval,0.53659613
2021-02-18,Disapproval,0.36463042
2021-02-18,Approval,0.53659613
2021-02-18,Disapproval,0.36463042
2021-02-18,Approval,0.53659613
2021-02-18,Disapproval,0.36463042
2021-02-18,Approval,0.53659613
2021-02-18,Disapproval,0.37463042
2021-02-18,Approval,0.52659613
2021-02-18,Disapproval,0.37463042
2021-02-18,Approval,0.52659613
2021-02-18,Disapproval,0.37463042
2021-02-18,Approval,0.52659613
2021-02-18,Disapproval,0.37463042
2021-02-18,Approval,0.52552327
2021-02-18,Disapproval,0.41745196999999995
2021-02-18,Approval,0.5473700699999999
2021-02-18,Disapproval,0.37029437000000004
2021-02-18,Approval,0.53553495
2021-02-18,Disapproval,0.35131166999999996
2021-02-18,Approval,0.53553495
2021-02-18,Disapproval,0.35131166999999996
2021-02-18,Approval,0.53553495
2021-02-18,Disapproval,0.35131166999999996
2021-02-18,Approval,0.53553495
2021-02-18,Disapproval,0.36131167
2021-02-18,Approval,0.52553495
2021-02-18,Disapproval,0.36131167
2021-02-18,Approval,0.52553495
2021-02-18,Disapproval,0.36131167
2021-02-18,Approval,0.52553495
2021-02-18,Disapproval,0.36131167
2021-02-18,Approval,0.54492812
2021-02-18,Disapproval,0.36023597
2021-02-18,Approval,0.52799336
2021-02-18,Disapproval,0.42421348000000003
2021-02-19,Approval,0.54183597
2021-02-19,Disapproval,0.41429697
2021-02-19,Approval,0.51552327
2021-02-19,Disapproval,0.42745196999999996
2021-02-19,Approval,0.51755142
2021-02-19,Disapproval,0.36115361
2021-02-19,Approval,0.53755142
2021-02-19,Disapproval,0.38115361
2021-02-19,Approval,0.54370073
2021-02-19,Disapproval,0.42010219
2021-02-19,Approval,0.51799336
2021-02-19,Disapproval,0.43421348000000004
2021-02-02,Approval,0.46485593000000003
2021-02-02,Disapproval,0.2858767
2021-02-02,Approval,0.5458361899999999
2021-02-02,Disapproval,0.3647518
2021-02-02,Approval,0.5399294600000001
2021-02-02,Disapproval,0.36463042
2021-02-02,Approval,0.53552327
2021-02-02,Disapproval,0.38745197
2021-02-02,Approval,0.52518611
2021-02-02,Disapproval,0.38188048
2021-02-02,Approval,0.46266469
2021-02-02,Disapproval,0.27489514
2021-02-02,Approval,0.53886828
2021-02-02,Disapproval,0.35131166999999996
2021-02-02,Approval,0.54763144
2021-02-02,Disapproval,0.36670431000000003
2021-02-02,Approval,0.52628524
2021-02-02,Disapproval,0.38668766
2021-02-02,Approval,0.53799336
2021-02-02,Disapproval,0.39421348
2021-02-22,Approval,0.5481500100000001
2021-02-22,Disapproval,0.39749653
2021-02-22,Approval,0.5088824000000001
2021-02-22,Disapproval,0.41158535999999996
2021-02-22,Approval,0.52552327
2021-02-22,Disapproval,0.42745196999999996
2021-02-22,Approval,0.56182703
2021-02-22,Disapproval,0.35887242999999996
2021-02-22,Approval,0.5470059899999999
2021-02-22,Disapproval,0.39048882
2021-02-22,Approval,0.55997248
2021-02-22,Disapproval,0.35221849
2021-02-22,Approval,0.51134218
2021-02-22,Disapproval,0.41565131
2021-02-22,Approval,0.52799336
2021-02-22,Disapproval,0.43421348000000004
2021-02-22,Approval,0.5729753
2021-02-22,Disapproval,0.36200617
2021-02-23,Approval,0.52552327
2021-02-23,Disapproval,0.41745196999999995
2021-02-23,Approval,0.52485593
2021-02-23,Disapproval,0.36587670000000005
2021-02-23,Approval,0.52266469
2021-02-23,Disapproval,0.35489514
2021-02-23,Approval,0.52799336
2021-02-23,Disapproval,0.42421348000000003
2021-02-23,Approval,0.52413204
2021-02-23,Disapproval,0.39128004
2021-02-24,Approval,0.58921791
2021-02-24,Disapproval,0.34141931
2021-02-24,Approval,0.55072331
2021-02-24,Disapproval,0.3650529
2021-02-24,Approval,0.54072331
2021-02-24,Disapproval,0.38505290000000003
2021-02-24,Approval,0.56659613
2021-02-24,Disapproval,0.39463042000000004
2021-02-24,Approval,0.51485593
2021-02-24,Disapproval,0.3858767
2021-02-24,Approval,0.51552327
2021-02-24,Disapproval,0.42745196999999996
2021-02-24,Approval,0.58960099
2021-02-24,Disapproval,0.3364631
2021-02-24,Approval,0.51266469
2021-02-24,Disapproval,0.37489514
2021-02-24,Approval,0.55241303
2021-02-24,Disapproval,0.36923920000000005
2021-02-24,Approval,0.5424130300000001
2021-02-24,Disapproval,0.3892392
2021-02-24,Approval,0.55606598
2021-02-24,Disapproval,0.37669508
2021-02-24,Approval,0.51799336
2021-02-24,Disapproval,0.43421348000000004
2021-02-25,Approval,0.54659613
2021-02-25,Disapproval,0.37963042
2021-02-25,Approval,0.52659613
2021-02-25,Disapproval,0.38463042000000003
2021-02-25,Approval,0.52659613
2021-02-25,Disapproval,0.38463042000000003
2021-02-25,Approval,0.52659613
2021-02-25,Disapproval,0.38463042000000003
2021-02-25,Approval,0.52659613
2021-02-25,Disapproval,0.38463042000000003
2021-02-25,Approval,0.52659613
2021-02-25,Disapproval,0.38463042000000003
2021-02-25,Approval,0.52659613
2021-02-25,Disapproval,0.38463042000000003
2021-02-25,Approval,0.52659613
2021-02-25,Disapproval,0.38463042000000003
2021-02-25,Approval,0.52552327
2021-02-25,Disapproval,0.41745196999999995
2021-02-25,Approval,0.54183597
2021-02-25,Disapproval,0.41429697
2021-02-25,Approval,0.5573700699999999
2021-02-25,Disapproval,0.38029437
2021-02-25,Approval,0.54553495
2021-02-25,Disapproval,0.36631167
2021-02-25,Approval,0.52553495
2021-02-25,Disapproval,0.37131167
2021-02-25,Approval,0.52553495
2021-02-25,Disapproval,0.37131167
2021-02-25,Approval,0.52553495
2021-02-25,Disapproval,0.37131167
2021-02-25,Approval,0.52553495
2021-02-25,Disapproval,0.37131167
2021-02-25,Approval,0.52553495
2021-02-25,Disapproval,0.37131167
2021-02-25,Approval,0.52553495
2021-02-25,Disapproval,0.37131167
2021-02-25,Approval,0.52553495
2021-02-25,Disapproval,0.37131167
2021-02-25,Approval,0.55492812
2021-02-25,Disapproval,0.37023597
2021-02-25,Approval,0.52799336
2021-02-25,Disapproval,0.42421348000000003
2021-02-25,Approval,0.54370073
2021-02-25,Disapproval,0.42010219
2021-02-26,Approval,0.51552327
2021-02-26,Disapproval,0.42745196999999996
2021-02-26,Approval,0.51799336
2021-02-26,Disapproval,0.43421348000000004
2021-02-03,Approval,0.5488824
2021-02-03,Disapproval,0.32158536
2021-02-03,Approval,0.5123586
2021-02-03,Disapproval,0.35877749999999997
2021-02-03,Approval,0.56659613
2021-02-03,Disapproval,0.38463042000000003
2021-02-03,Approval,0.53552327
2021-02-03,Disapproval,0.40745197
2021-02-03,Approval,0.47485593000000004
2021-02-03,Disapproval,0.3858767
2021-02-03,Approval,0.5100875899999999
2021-02-03,Disapproval,0.35204054
2021-02-03,Approval,0.47266469
2021-02-03,Disapproval,0.37489514
2021-02-03,Approval,0.51606598
2021-02-03,Disapproval,0.32669508
2021-02-03,Approval,0.55134218
2021-02-03,Disapproval,0.32565131
2021-02-03,Approval,0.55606598
2021-02-03,Disapproval,0.36669508
2021-02-03,Approval,0.5360659799999999
2021-02-03,Disapproval,0.38669508
2021-02-03,Approval,0.51413204
2021-02-03,Disapproval,0.39128004
2021-02-03,Approval,0.53799336
2021-02-03,Disapproval,0.41421348
2021-02-04,Approval,0.55815001
2021-02-04,Disapproval,0.36749653000000004
2021-02-04,Approval,0.52659613
2021-02-04,Disapproval,0.35463042
2021-02-04,Approval,0.52659613
2021-02-04,Disapproval,0.36463042
2021-02-04,Approval,0.57397167
2021-02-04,Disapproval,0.38374722
2021-02-04,Approval,0.52659613
2021-02-04,Disapproval,0.36463042
2021-02-04,Approval,0.52659613
2021-02-04,Disapproval,0.36463042
2021-02-04,Approval,0.54552327
2021-02-04,Disapproval,0.39745197
2021-02-04,Approval,0.5573700699999999
2021-02-04,Disapproval,0.35029437
2021-02-04,Approval,0.55700599
2021-02-04,Disapproval,0.36048882
2021-02-04,Approval,0.52553495
2021-02-04,Disapproval,0.34131166999999996
2021-02-04,Approval,0.57362992
2021-02-04,Disapproval,0.37572939
2021-02-04,Approval,0.52553495
2021-02-04,Disapproval,0.35131166999999996
2021-02-04,Approval,0.52553495
2021-02-04,Disapproval,0.35131166999999996
2021-02-04,Approval,0.52553495
2021-02-04,Disapproval,0.35131166999999996
2021-02-04,Approval,0.55492812
2021-02-04,Disapproval,0.34023597
2021-02-04,Approval,0.54799336
2021-02-04,Disapproval,0.40421348
2021-02-05,Approval,0.56659613
2021-02-05,Disapproval,0.35463042
2021-02-05,Approval,0.51552327
2021-02-05,Disapproval,0.41745196999999995
2021-02-05,Approval,0.50609496
2021-02-05,Disapproval,0.38548874
2021-02-05,Approval,0.56553495
2021-02-05,Disapproval,0.34131166999999996
2021-02-05,Approval,0.50479142
2021-02-05,Disapproval,0.38147091000000005
2021-02-05,Approval,0.51799336
2021-02-05,Disapproval,0.42421348000000003
2021-02-08,Approval,0.52552327
2021-02-08,Disapproval,0.40745197
2021-02-08,Approval,0.57659613
2021-02-08,Disapproval,0.38463042000000003
2021-02-08,Approval,0.52799336
2021-02-08,Disapproval,0.41421348
2021-02-08,Approval,0.56606598
2021-02-08,Disapproval,0.36669508
2021-02-09,Approval,0.56072331
2021-02-09,Disapproval,0.3650529
2021-02-09,Approval,0.58072331
2021-02-09,Disapproval,0.33505290000000004
2021-02-09,Approval,0.53552327
2021-02-09,Disapproval,0.39745197
2021-02-09,Approval,0.6248559300000001
2021-02-09,Disapproval,0.3958767
2021-02-09,Approval,0.62266469
2021-02-09,Disapproval,0.38489514
2021-02-09,Approval,0.56241303
2021-02-09,Disapproval,0.36923920000000005
2021-02-09,Approval,0.58241303
2021-02-09,Disapproval,0.3392392
2021-02-09,Approval,0.53799336
2021-02-09,Disapproval,0.40421348
2021-03-01,Approval,0.5207233099999999
2021-03-01,Disapproval,0.4150529
2021-03-01,Approval,0.53329282
2021-03-01,Disapproval,0.33886475
2021-03-01,Approval,0.51552327
2021-03-01,Disapproval,0.41745196999999995
2021-03-01,Approval,0.53181999
2021-03-01,Disapproval,0.33038283
2021-03-01,Approval,0.55390935
2021-03-01,Disapproval,0.35419798
2021-03-01,Approval,0.5224130300000001
2021-03-01,Disapproval,0.41923920000000003
2021-03-01,Approval,0.51799336
2021-03-01,Disapproval,0.42421348000000003
2021-03-10,Approval,0.52103049
2021-03-10,Disapproval,0.38296230000000003
2021-03-10,Approval,0.54659613
2021-03-10,Disapproval,0.40463042
2021-03-10,Approval,0.51474502
2021-03-10,Disapproval,0.40544992999999996
2021-03-10,Approval,0.57659613
2021-03-10,Disapproval,0.40463042
2021-03-10,Approval,0.52552327
2021-03-10,Disapproval,0.41745196999999995
2021-03-10,Approval,0.51485593
2021-03-10,Disapproval,0.40587670000000003
2021-03-10,Approval,0.54553495
2021-03-10,Disapproval,0.39131167
2021-03-10,Approval,0.51556831
2021-03-10,Disapproval,0.40042389
2021-03-10,Approval,0.51266469
2021-03-10,Disapproval,0.39489514
2021-03-10,Approval,0.52275136
2021-03-10,Disapproval,0.38571053
2021-03-10,Approval,0.5076311299999999
2021-03-10,Disapproval,0.42859165
2021-03-10,Approval,0.56606598
2021-03-10,Disapproval,0.38669508
2021-03-10,Approval,0.52799336
2021-03-10,Disapproval,0.42421348000000003
2021-03-10,Approval,0.53413204
2021-03-10,Disapproval,0.40128003999999995
2021-03-11,Approval,0.52659613
2021-03-11,Disapproval,0.39463042000000004
2021-03-11,Approval,0.52659613
2021-03-11,Disapproval,0.39463042000000004
2021-03-11,Approval,0.52659613
2021-03-11,Disapproval,0.39463042000000004
2021-03-11,Approval,0.52659613
2021-03-11,Disapproval,0.39463042000000004
2021-03-11,Approval,0.53659613
2021-03-11,Disapproval,0.39463042000000004
2021-03-11,Approval,0.52420367
2021-03-11,Disapproval,0.41954387
2021-03-11,Approval,0.53659613
2021-03-11,Disapproval,0.39463042000000004
2021-03-11,Approval,0.53659613
2021-03-11,Disapproval,0.39463042000000004
2021-03-11,Approval,0.49945619999999996
2021-03-11,Disapproval,0.41825654
2021-03-11,Approval,0.52552327
2021-03-11,Disapproval,0.40745197
2021-03-11,Approval,0.61485593
2021-03-11,Disapproval,0.40587670000000003
2021-03-11,Approval,0.52737007
2021-03-11,Disapproval,0.40029437
2021-03-11,Approval,0.52553495
2021-03-11,Disapproval,0.38131167
2021-03-11,Approval,0.52553495
2021-03-11,Disapproval,0.38131167
2021-03-11,Approval,0.52553495
2021-03-11,Disapproval,0.38131167
2021-03-11,Approval,0.52553495
2021-03-11,Disapproval,0.38131167
2021-03-11,Approval,0.53553495
2021-03-11,Disapproval,0.38131167
2021-03-11,Approval,0.52443579
2021-03-11,Disapproval,0.41348099
2021-03-11,Approval,0.53553495
2021-03-11,Disapproval,0.38131167
2021-03-11,Approval,0.49867191
2021-03-11,Disapproval,0.40948830999999997
2021-03-11,Approval,0.53553495
2021-03-11,Disapproval,0.38131167
2021-03-11,Approval,0.61266469
2021-03-11,Disapproval,0.39489514
2021-03-11,Approval,0.52492812
2021-03-11,Disapproval,0.39023597000000004
2021-03-11,Approval,0.48944268999999996
2021-03-11,Disapproval,0.42705105000000004
2021-03-11,Approval,0.52799336
2021-03-11,Disapproval,0.41421348
2021-03-12,Approval,0.5194562
2021-03-12,Disapproval,0.37825654
2021-03-12,Approval,0.5318359699999999
2021-03-12,Disapproval,0.42429697
2021-03-12,Approval,0.53552327
2021-03-12,Disapproval,0.40745197
2021-03-12,Approval,0.51867191
2021-03-12,Disapproval,0.36948831
2021-03-12,Approval,0.53370073
2021-03-12,Disapproval,0.43010219
2021-03-12,Approval,0.53799336
2021-03-12,Disapproval,0.41421348
2021-03-14,Approval,0.6348559300000001
2021-03-14,Disapproval,0.3858767
2021-03-14,Approval,0.63266469
2021-03-14,Disapproval,0.37489514
2021-03-15,Approval,0.48801842
2021-03-15,Disapproval,0.41938505
2021-03-15,Approval,0.54552327
2021-03-15,Disapproval,0.39745197
2021-03-15,Approval,0.48818963
2021-03-15,Disapproval,0.42221669
2021-03-15,Approval,0.54799336
2021-03-15,Disapproval,0.40421348
2021-03-16,Approval,0.55072331
2021-03-16,Disapproval,0.38505290000000003
2021-03-16,Approval,0.53552327
2021-03-16,Disapproval,0.40745197
2021-03-16,Approval,0.55241303
2021-03-16,Disapproval,0.3892392
2021-03-16,Approval,0.53799336
2021-03-16,Disapproval,0.41421348
2021-03-17,Approval,0.60659613
2021-03-17,Disapproval,0.37463042
2021-03-17,Approval,0.5311306
2021-03-17,Disapproval,0.41638972
2021-03-17,Approval,0.54552327
2021-03-17,Disapproval,0.39745197
2021-03-17,Approval,0.54485593
2021-03-17,Disapproval,0.3758767
2021-03-17,Approval,0.5426646900000001
2021-03-17,Disapproval,0.36489514
2021-03-17,Approval,0.5306697499999999
2021-03-17,Disapproval,0.42102196
2021-03-17,Approval,0.59606598
2021-03-17,Disapproval,0.35669508
2021-03-17,Approval,0.5641320400000001
2021-03-17,Disapproval,0.40128003999999995
2021-03-17,Approval,0.54799336
2021-03-17,Disapproval,0.40421348
2021-03-18,Approval,0.53659613
2021-03-18,Disapproval,0.39463042000000004
2021-03-18,Approval,0.53659613
2021-03-18,Disapproval,0.39463042000000004
2021-03-18,Approval,0.5281500100000001
2021-03-18,Disapproval,0.41749653000000003
2021-03-18,Approval,0.53659613
2021-03-18,Disapproval,0.39463042000000004
2021-03-18,Approval,0.54659613
2021-03-18,Disapproval,0.38463042000000003
2021-03-18,Approval,0.54659613
2021-03-18,Disapproval,0.38463042000000003
2021-03-18,Approval,0.53659613
2021-03-18,Disapproval,0.39463042000000004
2021-03-18,Approval,0.54659613
2021-03-18,Disapproval,0.38463042000000003
2021-03-18,Approval,0.53552327
2021-03-18,Disapproval,0.40745197
2021-03-18,Approval,0.57737007
2021-03-18,Disapproval,0.36029437000000003
2021-03-18,Approval,0.53553495
2021-03-18,Disapproval,0.38131167
2021-03-18,Approval,0.5270059899999999
2021-03-18,Disapproval,0.41048882
2021-03-18,Approval,0.53553495
2021-03-18,Disapproval,0.38131167
2021-03-18,Approval,0.53553495
2021-03-18,Disapproval,0.38131167
2021-03-18,Approval,0.54553495
2021-03-18,Disapproval,0.37131167
2021-03-18,Approval,0.54553495
2021-03-18,Disapproval,0.37131167
2021-03-18,Approval,0.53553495
2021-03-18,Disapproval,0.38131167
2021-03-18,Approval,0.54553495
2021-03-18,Disapproval,0.37131167
2021-03-18,Approval,0.57492812
2021-03-18,Disapproval,0.35023597
2021-03-18,Approval,0.53799336
2021-03-18,Disapproval,0.41421348
2021-03-19,Approval,0.55518611
2021-03-19,Disapproval,0.39188048000000003
2021-03-19,Approval,0.54183597
2021-03-19,Disapproval,0.41429697
2021-03-19,Approval,0.54552327
2021-03-19,Disapproval,0.41745196999999995
2021-03-19,Approval,0.55628524
2021-03-19,Disapproval,0.39668766
2021-03-19,Approval,0.54370073
2021-03-19,Disapproval,0.42010219
2021-03-19,Approval,0.54799336
2021-03-19,Disapproval,0.42421348000000003
2021-03-02,Approval,0.55659613
2021-03-02,Disapproval,0.36463042
2021-03-02,Approval,0.56183597
2021-03-02,Disapproval,0.39429696999999997
2021-03-02,Approval,0.49362465
2021-03-02,Disapproval,0.39140672000000004
2021-03-02,Approval,0.52552327
2021-03-02,Disapproval,0.41745196999999995
2021-03-02,Approval,0.55553495
2021-03-02,Disapproval,0.35131166999999996
2021-03-02,Approval,0.49157561
2021-03-02,Disapproval,0.38511383000000005
2021-03-02,Approval,0.56370073
2021-03-02,Disapproval,0.40010218999999997
2021-03-02,Approval,0.52799336
2021-03-02,Disapproval,0.42421348000000003
2021-03-22,Approval,0.52288266
2021-03-22,Disapproval,0.39649168
2021-03-22,Approval,0.5818270299999999
2021-03-22,Disapproval,0.35887242999999996
2021-03-22,Approval,0.51552327
2021-03-22,Disapproval,0.42745196999999996
2021-03-22,Approval,0.58072331
2021-03-22,Disapproval,0.3550529
2021-03-22,Approval,0.57997248
2021-03-22,Disapproval,0.35221849
2021-03-22,Approval,0.5228531799999999
2021-03-22,Disapproval,0.39933163
2021-03-22,Approval,0.58241303
2021-03-22,Disapproval,0.35923920000000004
2021-03-22,Approval,0.51799336
2021-03-22,Disapproval,0.43421348000000004
2021-03-22,Approval,0.5829753
2021-03-22,Disapproval,0.36200617
2021-03-23,Approval,0.50552327
2021-03-23,Disapproval,0.43745196999999997
2021-03-23,Approval,0.50799336
2021-03-23,Disapproval,0.44421348
2021-03-24,Approval,0.58659613
2021-03-24,Disapproval,0.36463042
2021-03-24,Approval,0.5088824000000001
2021-03-24,Disapproval,0.43158536
2021-03-24,Approval,0.55659613
2021-03-24,Disapproval,0.43463042
2021-03-24,Approval,0.51485593
2021-03-24,Disapproval,0.41587670000000004
2021-03-24,Approval,0.50552327
2021-03-24,Disapproval,0.43745196999999997
2021-03-24,Approval,0.58553495
2021-03-24,Disapproval,0.35131166999999996
2021-03-24,Approval,0.51266469
2021-03-24,Disapproval,0.40489514
2021-03-24,Approval,0.51134218
2021-03-24,Disapproval,0.43565131
2021-03-24,Approval,0.54606598
2021-03-24,Disapproval,0.41669508
2021-03-24,Approval,0.50799336
2021-03-24,Disapproval,0.44421348
2021-03-24,Approval,0.52413204
2021-03-24,Disapproval,0.42128003999999997
2021-03-25,Approval,0.5339091100000001
2021-03-25,Disapproval,0.36941813
2021-03-25,Approval,0.49552326999999996
2021-03-25,Disapproval,0.44745197
2021-03-25,Approval,0.51737007
2021-03-25,Disapproval,0.42029437000000003
2021-03-25,Approval,0.51492812
2021-03-25,Disapproval,0.41023597
2021-03-25,Approval,0.53330374
2021-03-25,Disapproval,0.37438766
2021-03-25,Approval,0.49799335999999994
2021-03-25,Disapproval,0.45421348
2021-03-26,Approval,0.54659613
2021-03-26,Disapproval,0.38463042000000003
2021-03-26,Approval,0.54659613
2021-03-26,Disapproval,0.38463042000000003
2021-03-26,Approval,0.54659613
2021-03-26,Disapproval,0.38463042000000003
2021-03-26,Approval,0.54659613
2021-03-26,Disapproval,0.38463042000000003
2021-03-26,Approval,0.53659613
2021-03-26,Disapproval,0.39463042000000004
2021-03-26,Approval,0.54659613
2021-03-26,Disapproval,0.39463042000000004
2021-03-26,Approval,0.53659613
2021-03-26,Disapproval,0.39463042000000004
2021-03-26,Approval,0.55183597
2021-03-26,Disapproval,0.40429697
2021-03-26,Approval,0.50552327
2021-03-26,Disapproval,0.44745197
2021-03-26,Approval,0.54553495
2021-03-26,Disapproval,0.37131167
2021-03-26,Approval,0.54553495
2021-03-26,Disapproval,0.37131167
2021-03-26,Approval,0.54553495
2021-03-26,Disapproval,0.37131167
2021-03-26,Approval,0.54553495
2021-03-26,Disapproval,0.37131167
2021-03-26,Approval,0.53553495
2021-03-26,Disapproval,0.38131167
2021-03-26,Approval,0.54553495
2021-03-26,Disapproval,0.38131167
2021-03-26,Approval,0.53553495
2021-03-26,Disapproval,0.38131167
2021-03-26,Approval,0.55370073
2021-03-26,Disapproval,0.41010219
2021-03-26,Approval,0.50799336
2021-03-26,Disapproval,0.45421348
2021-03-29,Approval,0.54485593
2021-03-29,Disapproval,0.36587670000000005
2021-03-29,Approval,0.56183597
2021-03-29,Disapproval,0.39429696999999997
2021-03-29,Approval,0.51552327
2021-03-29,Disapproval,0.43745196999999997
2021-03-29,Approval,0.5426646900000001
2021-03-29,Disapproval,0.35489514
2021-03-29,Approval,0.56370073
2021-03-29,Disapproval,0.40010218999999997
2021-03-29,Approval,0.51799336
2021-03-29,Disapproval,0.44421348
2021-03-03,Approval,0.5363173299999999
2021-03-03,Disapproval,0.39458224999999997
2021-03-03,Approval,0.51458244
2021-03-03,Disapproval,0.42012877000000004
2021-03-03,Approval,0.55659613
2021-03-03,Disapproval,0.40463042
2021-03-03,Approval,0.52552327
2021-03-03,Disapproval,0.40745197
2021-03-03,Approval,0.51485593
2021-03-03,Disapproval,0.3958767
2021-03-03,Approval,0.51183987
2021-03-03,Disapproval,0.4131686
2021-03-03,Approval,0.51266469
2021-03-03,Disapproval,0.38489514
2021-03-03,Approval,0.5378328299999999
2021-03-03,Disapproval,0.39862994999999996
2021-03-03,Approval,0.50744331
2021-03-03,Disapproval,0.42956080999999996
2021-03-03,Approval,0.54606598
2021-03-03,Disapproval,0.38669508
2021-03-03,Approval,0.53413204
2021-03-03,Disapproval,0.41128003999999996
2021-03-03,Approval,0.52799336
2021-03-03,Disapproval,0.41421348
2021-03-30,Approval,0.5646405099999999
2021-03-30,Disapproval,0.41062224999999997
2021-03-30,Approval,0.53288266
2021-03-30,Disapproval,0.40649168
2021-03-30,Approval,0.5294561999999999
2021-03-30,Disapproval,0.39825654
2021-03-30,Approval,0.55659613
2021-03-30,Disapproval,0.39963042000000004
2021-03-30,Approval,0.50552327
2021-03-30,Disapproval,0.43745196999999997
2021-03-30,Approval,0.52867191
2021-03-30,Disapproval,0.38948831
2021-03-30,Approval,0.55553495
2021-03-30,Disapproval,0.38631167
2021-03-30,Approval,0.56622373
2021-03-30,Disapproval,0.41384507
2021-03-30,Approval,0.5328531799999999
2021-03-30,Disapproval,0.40933163
2021-03-30,Approval,0.52944269
2021-03-30,Disapproval,0.40705105
2021-03-30,Approval,0.50799336
2021-03-30,Disapproval,0.44421348
2021-03-31,Approval,0.53659613
2021-03-31,Disapproval,0.41463042
2021-03-31,Approval,0.56659613
2021-03-31,Disapproval,0.42463042
2021-03-31,Approval,0.57397167
2021-03-31,Disapproval,0.38374722
2021-03-31,Approval,0.49485593
2021-03-31,Disapproval,0.40587670000000003
2021-03-31,Approval,0.51552327
2021-03-31,Disapproval,0.42745196999999996
2021-03-31,Approval,0.53553495
2021-03-31,Disapproval,0.40131166999999995
2021-03-31,Approval,0.57362992
2021-03-31,Disapproval,0.37572939
2021-03-31,Approval,0.49266469
2021-03-31,Disapproval,0.39489514
2021-03-31,Approval,0.55606598
2021-03-31,Disapproval,0.40669508
2021-03-31,Approval,0.51413204
2021-03-31,Disapproval,0.42128003999999997
2021-03-31,Approval,0.51799336
2021-03-31,Disapproval,0.43421348000000004
2021-03-04,Approval,0.52659613
2021-03-04,Disapproval,0.38463042000000003
2021-03-04,Approval,0.52659613
2021-03-04,Disapproval,0.38463042000000003
2021-03-04,Approval,0.52659613
2021-03-04,Disapproval,0.38463042000000003
2021-03-04,Approval,0.52659613
2021-03-04,Disapproval,0.38463042000000003
2021-03-04,Approval,0.52518611
2021-03-04,Disapproval,0.40188048000000004
2021-03-04,Approval,0.52659613
2021-03-04,Disapproval,0.38463042000000003
2021-03-04,Approval,0.52659613
2021-03-04,Disapproval,0.38463042000000003
2021-03-04,Approval,0.52659613
2021-03-04,Disapproval,0.39463042000000004
2021-03-04,Approval,0.51552327
2021-03-04,Disapproval,0.41745196999999995
2021-03-04,Approval,0.56737007
2021-03-04,Disapproval,0.36029437000000003
2021-03-04,Approval,0.52553495
2021-03-04,Disapproval,0.37131167
2021-03-04,Approval,0.52553495
2021-03-04,Disapproval,0.37131167
2021-03-04,Approval,0.52553495
2021-03-04,Disapproval,0.37131167
2021-03-04,Approval,0.52553495
2021-03-04,Disapproval,0.37131167
2021-03-04,Approval,0.52553495
2021-03-04,Disapproval,0.37131167
2021-03-04,Approval,0.52553495
2021-03-04,Disapproval,0.37131167
2021-03-04,Approval,0.52553495
2021-03-04,Disapproval,0.38131167
2021-03-04,Approval,0.56492812
2021-03-04,Disapproval,0.35023597
2021-03-04,Approval,0.52628524
2021-03-04,Disapproval,0.40668766
2021-03-04,Approval,0.51799336
2021-03-04,Disapproval,0.42421348000000003
2021-03-05,Approval,0.5318359699999999
2021-03-05,Disapproval,0.42429697
2021-03-05,Approval,0.56397167
2021-03-05,Disapproval,0.40374721999999996
2021-03-05,Approval,0.51552327
2021-03-05,Disapproval,0.42745196999999996
2021-03-05,Approval,0.56362992
2021-03-05,Disapproval,0.39572938999999996
2021-03-05,Approval,0.53370073
2021-03-05,Disapproval,0.43010219
2021-03-05,Approval,0.51799336
2021-03-05,Disapproval,0.43421348000000004
2021-03-08,Approval,0.51552327
2021-03-08,Disapproval,0.42745196999999996
2021-03-08,Approval,0.5107233099999999
2021-03-08,Disapproval,0.40505290000000005
2021-03-08,Approval,0.51241303
2021-03-08,Disapproval,0.4092392
2021-03-08,Approval,0.51799336
2021-03-08,Disapproval,0.43421348000000004
2021-03-09,Approval,0.56659613
2021-03-09,Disapproval,0.37463042
2021-03-09,Approval,0.52552327
2021-03-09,Disapproval,0.41745196999999995
2021-03-09,Approval,0.56553495
2021-03-09,Disapproval,0.36131167
2021-03-09,Approval,0.52799336
2021-03-09,Disapproval,0.42421348000000003
2021-04-01,Approval,0.50552327
2021-04-01,Disapproval,0.43745196999999997
2021-04-01,Approval,0.52737007
2021-04-01,Disapproval,0.42029437000000003
2021-04-01,Approval,0.52492812
2021-04-01,Disapproval,0.41023597
2021-04-01,Approval,0.50799336
2021-04-01,Disapproval,0.44421348
2021-04-12,Approval,0.53485593
2021-04-12,Disapproval,0.3858767
2021-04-12,Approval,0.52552327
2021-04-12,Disapproval,0.41745196999999995
2021-04-12,Approval,0.53266469
2021-04-12,Disapproval,0.37489514
2021-04-12,Approval,0.52799336
2021-04-12,Disapproval,0.42421348000000003
2021-04-13,Approval,0.52552327
2021-04-13,Disapproval,0.41745196999999995
2021-04-13,Approval,0.52799336
2021-04-13,Disapproval,0.42421348000000003
2021-04-14,Approval,0.5023586
2021-04-14,Disapproval,0.41877749999999997
2021-04-14,Approval,0.54458244
2021-04-14,Disapproval,0.41012877000000003
2021-04-14,Approval,0.57659613
2021-04-14,Disapproval,0.40463042
2021-04-14,Approval,0.5011306
2021-04-14,Disapproval,0.44638972000000005
2021-04-14,Approval,0.5048559300000001
2021-04-14,Disapproval,0.42587670000000005
2021-04-14,Approval,0.52552327
2021-04-14,Disapproval,0.41745196999999995
2021-04-14,Approval,0.50008759
2021-04-14,Disapproval,0.41204054
2021-04-14,Approval,0.54183987
2021-04-14,Disapproval,0.4031686
2021-04-14,Approval,0.50266469
2021-04-14,Disapproval,0.41489514
2021-04-14,Approval,0.53744331
2021-04-14,Disapproval,0.42956080999999996
2021-04-14,Approval,0.51755142
2021-04-14,Disapproval,0.42115361
2021-04-14,Approval,0.50066975
2021-04-14,Disapproval,0.45102196
2021-04-14,Approval,0.56606598
2021-04-14,Disapproval,0.38669508
2021-04-14,Approval,0.52799336
2021-04-14,Disapproval,0.42421348000000003
2021-04-14,Approval,0.52413204
2021-04-14,Disapproval,0.42128003999999997
2021-04-15,Approval,0.55659613
2021-04-15,Disapproval,0.39463042000000004
2021-04-15,Approval,0.53659613
2021-04-15,Disapproval,0.39463042000000004
2021-04-15,Approval,0.53659613
2021-04-15,Disapproval,0.39463042000000004
2021-04-15,Approval,0.53659613
2021-04-15,Disapproval,0.39463042000000004
2021-04-15,Approval,0.53659613
2021-04-15,Disapproval,0.39463042000000004
2021-04-15,Approval,0.5742036699999999
2021-04-15,Disapproval,0.38954386999999996
2021-04-15,Approval,0.52659613
2021-04-15,Disapproval,0.40463042
2021-04-15,Approval,0.53659613
2021-04-15,Disapproval,0.39463042000000004
2021-04-15,Approval,0.5394561999999999
2021-04-15,Disapproval,0.38825654
2021-04-15,Approval,0.48275835
2021-04-15,Disapproval,0.41437567000000003
2021-04-15,Approval,0.53659613
2021-04-15,Disapproval,0.39463042000000004
2021-04-15,Approval,0.52552327
2021-04-15,Disapproval,0.41745196999999995
2021-04-15,Approval,0.55553495
2021-04-15,Disapproval,0.38131167
2021-04-15,Approval,0.53553495
2021-04-15,Disapproval,0.38131167
2021-04-15,Approval,0.53553495
2021-04-15,Disapproval,0.38131167
2021-04-15,Approval,0.53553495
2021-04-15,Disapproval,0.38131167
2021-04-15,Approval,0.53553495
2021-04-15,Disapproval,0.38131167
2021-04-15,Approval,0.52553495
2021-04-15,Disapproval,0.39131167
2021-04-15,Approval,0.57443579
2021-04-15,Disapproval,0.38348098999999997
2021-04-15,Approval,0.53553495
2021-04-15,Disapproval,0.38131167
2021-04-15,Approval,0.48251112999999995
2021-04-15,Disapproval,0.40921234
2021-04-15,Approval,0.53867191
2021-04-15,Disapproval,0.37948831
2021-04-15,Approval,0.53553495
2021-04-15,Disapproval,0.38131167
2021-04-15,Approval,0.52944269
2021-04-15,Disapproval,0.40705105
2021-04-15,Approval,0.52799336
2021-04-15,Disapproval,0.42421348000000003
2021-04-16,Approval,0.54518611
2021-04-16,Disapproval,0.41188048
2021-04-16,Approval,0.56131733
2021-04-16,Disapproval,0.39958224999999997
2021-04-16,Approval,0.56183597
2021-04-16,Disapproval,0.39429696999999997
2021-04-16,Approval,0.51552327
2021-04-16,Disapproval,0.42745196999999996
2021-04-16,Approval,0.52737007
2021-04-16,Disapproval,0.39029437
2021-04-16,Approval,0.52492812
2021-04-16,Disapproval,0.38023597000000003
2021-04-16,Approval,0.54628524
2021-04-16,Disapproval,0.41668765999999996
2021-04-16,Approval,0.56370073
2021-04-16,Disapproval,0.40010218999999997
2021-04-16,Approval,0.56283283
2021-04-16,Disapproval,0.40362994999999996
2021-04-16,Approval,0.51799336
2021-04-16,Disapproval,0.43421348000000004
2021-04-19,Approval,0.52552327
2021-04-19,Disapproval,0.41745196999999995
2021-04-19,Approval,0.52799336
2021-04-19,Disapproval,0.42421348000000003
2021-04-02,Approval,0.56183597
2021-04-02,Disapproval,0.39429696999999997
2021-04-02,Approval,0.50552327
2021-04-02,Disapproval,0.43745196999999997
2021-04-02,Approval,0.56370073
2021-04-02,Disapproval,0.40010218999999997
2021-04-02,Approval,0.50799336
2021-04-02,Disapproval,0.44421348
2021-04-20,Approval,0.56659613
2021-04-20,Disapproval,0.38463042000000003
2021-04-20,Approval,0.52552327
2021-04-20,Disapproval,0.42745196999999996
2021-04-20,Approval,0.56553495
2021-04-20,Disapproval,0.37131167
2021-04-20,Approval,0.52799336
2021-04-20,Disapproval,0.43421348000000004
2021-04-20,Approval,0.55606598
2021-04-20,Disapproval,0.39669508
2021-04-21,Approval,0.52552327
2021-04-21,Disapproval,0.41745196999999995
2021-04-21,Approval,0.5048559300000001
2021-04-21,Disapproval,0.3858767
2021-04-21,Approval,0.57182703
2021-04-21,Disapproval,0.36887243
2021-04-21,Approval,0.56997248
2021-04-21,Disapproval,0.36221849
2021-04-21,Approval,0.50266469
2021-04-21,Disapproval,0.37489514
2021-04-21,Approval,0.52413204
2021-04-21,Disapproval,0.41128003999999996
2021-04-21,Approval,0.5729753
2021-04-21,Disapproval,0.37200617
2021-04-21,Approval,0.52799336
2021-04-21,Disapproval,0.42421348000000003
2021-04-22,Approval,0.55659613
2021-04-22,Disapproval,0.39463042000000004
2021-04-22,Approval,0.52659613
2021-04-22,Disapproval,0.40463042
2021-04-22,Approval,0.52659613
2021-04-22,Disapproval,0.40463042
2021-04-22,Approval,0.53659613
2021-04-22,Disapproval,0.40463042
2021-04-22,Approval,0.52659613
2021-04-22,Disapproval,0.40463042
2021-04-22,Approval,0.52659613
2021-04-22,Disapproval,0.40463042
2021-04-22,Approval,0.52659613
2021-04-22,Disapproval,0.41463042
2021-04-22,Approval,0.51659613
2021-04-22,Disapproval,0.41463042
2021-04-22,Approval,0.52552327
2021-04-22,Disapproval,0.42745196999999996
2021-04-22,Approval,0.56659613
2021-04-22,Disapproval,0.38463042000000003
2021-04-22,Approval,0.52737007
2021-04-22,Disapproval,0.40029437
2021-04-22,Approval,0.55553495
2021-04-22,Disapproval,0.38131167
2021-04-22,Approval,0.52553495
2021-04-22,Disapproval,0.39131167
2021-04-22,Approval,0.52553495
2021-04-22,Disapproval,0.39131167
2021-04-22,Approval,0.53553495
2021-04-22,Disapproval,0.39131167
2021-04-22,Approval,0.52553495
2021-04-22,Disapproval,0.39131167
2021-04-22,Approval,0.52553495
2021-04-22,Disapproval,0.39131167
2021-04-22,Approval,0.52553495
2021-04-22,Disapproval,0.40131166999999995
2021-04-22,Approval,0.5155349499999999
2021-04-22,Disapproval,0.40131166999999995
2021-04-22,Approval,0.56553495
2021-04-22,Disapproval,0.37131167
2021-04-22,Approval,0.52492812
2021-04-22,Disapproval,0.39023597000000004
2021-04-22,Approval,0.52799336
2021-04-22,Disapproval,0.43421348000000004
2021-04-23,Approval,0.55815001
2021-04-23,Disapproval,0.39749653
2021-04-23,Approval,0.56183597
2021-04-23,Disapproval,0.39429696999999997
2021-04-23,Approval,0.54552327
2021-04-23,Disapproval,0.39745197
2021-04-23,Approval,0.55700599
2021-04-23,Disapproval,0.39048882
2021-04-23,Approval,0.56370073
2021-04-23,Disapproval,0.40010218999999997
2021-04-23,Approval,0.54799336
2021-04-23,Disapproval,0.40421348
2021-04-25,Approval,0.5427583500000001
2021-04-25,Disapproval,0.39437567
2021-04-25,Approval,0.5333991
2021-04-25,Disapproval,0.42352512
2021-04-25,Approval,0.52719986
2021-04-25,Disapproval,0.41973535
2021-04-25,Approval,0.59485593
2021-04-25,Disapproval,0.42587670000000005
2021-04-25,Approval,0.54251113
2021-04-25,Disapproval,0.38921234
2021-04-25,Approval,0.52608874
2021-04-25,Disapproval,0.41524625
2021-04-25,Approval,0.59266469
2021-04-25,Disapproval,0.41489514
2021-04-25,Approval,0.51817185
2021-04-25,Disapproval,0.42746547999999995
2021-04-25,Approval,0.53625263
2021-04-25,Disapproval,0.42592625
2021-04-26,Approval,0.55464051
2021-04-26,Disapproval,0.42062225
2021-04-26,Approval,0.55659613
2021-04-26,Disapproval,0.39463042000000004
2021-04-26,Approval,0.52485593
2021-04-26,Disapproval,0.4458767
2021-04-26,Approval,0.53552327
2021-04-26,Disapproval,0.40745197
2021-04-26,Approval,0.55553495
2021-04-26,Disapproval,0.38131167
2021-04-26,Approval,0.52266469
2021-04-26,Disapproval,0.43489514
2021-04-26,Approval,0.55622373
2021-04-26,Disapproval,0.42384507
2021-04-26,Approval,0.53799336
2021-04-26,Disapproval,0.41421348
2021-04-27,Approval,0.53737007
2021-04-27,Disapproval,0.41029437
2021-04-27,Approval,0.5494562
2021-04-27,Disapproval,0.43825654000000003
2021-04-27,Approval,0.55659613
2021-04-27,Disapproval,0.40463042
2021-04-27,Approval,0.52552327
2021-04-27,Disapproval,0.41745196999999995
2021-04-27,Approval,0.53216938
2021-04-27,Disapproval,0.41694671
2021-04-27,Approval,0.52362465
2021-04-27,Disapproval,0.40140672
2021-04-27,Approval,0.53492812
2021-04-27,Disapproval,0.40023597
2021-04-27,Approval,0.5486719099999999
2021-04-27,Disapproval,0.42948831
2021-04-27,Approval,0.52157561
2021-04-27,Disapproval,0.39511383
2021-04-27,Approval,0.5329533200000001
2021-04-27,Disapproval,0.41245061
2021-04-27,Approval,0.54944269
2021-04-27,Disapproval,0.43705105000000005
2021-04-27,Approval,0.54606598
2021-04-27,Disapproval,0.38669508
2021-04-27,Approval,0.52799336
2021-04-27,Disapproval,0.42421348000000003
2021-04-28,Approval,0.51848912
2021-04-28,Disapproval,0.46639854
2021-04-28,Approval,0.5388824
2021-04-28,Disapproval,0.42158535999999996
2021-04-28,Approval,0.53474502
2021-04-28,Disapproval,0.42544993
2021-04-28,Approval,0.52518611
2021-04-28,Disapproval,0.43188048
2021-04-28,Approval,0.58659613
2021-04-28,Disapproval,0.40463042
2021-04-28,Approval,0.55659613
2021-04-28,Disapproval,0.42463042
2021-04-28,Approval,0.52485593
2021-04-28,Disapproval,0.3958767
2021-04-28,Approval,0.50552327
2021-04-28,Disapproval,0.43745196999999997
2021-04-28,Approval,0.53737007
2021-04-28,Disapproval,0.39029437
2021-04-28,Approval,0.53556831
2021-04-28,Disapproval,0.42042389
2021-04-28,Approval,0.52266469
2021-04-28,Disapproval,0.38489514
2021-04-28,Approval,0.53492812
2021-04-28,Disapproval,0.38023597000000003
2021-04-28,Approval,0.51879728
2021-04-28,Disapproval,0.4687748
2021-04-28,Approval,0.54134218
2021-04-28,Disapproval,0.42565131
2021-04-28,Approval,0.52628524
2021-04-28,Disapproval,0.43668766
2021-04-28,Approval,0.52763113
2021-04-28,Disapproval,0.43859165
2021-04-28,Approval,0.54606598
2021-04-28,Disapproval,0.40669508
2021-04-28,Approval,0.57606598
2021-04-28,Disapproval,0.38669508
2021-04-28,Approval,0.53413204
2021-04-28,Disapproval,0.40128003999999995
2021-04-28,Approval,0.50799336
2021-04-28,Disapproval,0.44421348
2021-04-29,Approval,0.52659613
2021-04-29,Disapproval,0.40463042
2021-04-29,Approval,0.52659613
2021-04-29,Disapproval,0.40463042
2021-04-29,Approval,0.52659613
2021-04-29,Disapproval,0.40463042
2021-04-29,Approval,0.52659613
2021-04-29,Disapproval,0.40463042
2021-04-29,Approval,0.52659613
2021-04-29,Disapproval,0.39463042000000004
2021-04-29,Approval,0.53659613
2021-04-29,Disapproval,0.39463042000000004
2021-04-29,Approval,0.53659613
2021-04-29,Disapproval,0.39463042000000004
2021-04-29,Approval,0.50552327
2021-04-29,Disapproval,0.43745196999999997
2021-04-29,Approval,0.52553495
2021-04-29,Disapproval,0.39131167
2021-04-29,Approval,0.52553495
2021-04-29,Disapproval,0.39131167
2021-04-29,Approval,0.52553495
2021-04-29,Disapproval,0.39131167
2021-04-29,Approval,0.52553495
2021-04-29,Disapproval,0.39131167
2021-04-29,Approval,0.52553495
2021-04-29,Disapproval,0.38131167
2021-04-29,Approval,0.53553495
2021-04-29,Disapproval,0.38131167
2021-04-29,Approval,0.53553495
2021-04-29,Disapproval,0.38131167
2021-04-29,Approval,0.50799336
2021-04-29,Disapproval,0.44421348
2021-04-03,Approval,0.55313986
2021-04-03,Disapproval,0.41417487000000003
2021-04-03,Approval,0.55171033
2021-04-03,Disapproval,0.40989304
2021-04-30,Approval,0.55183597
2021-04-30,Disapproval,0.40429697
2021-04-30,Approval,0.58659613
2021-04-30,Disapproval,0.36463042
2021-04-30,Approval,0.49552326999999996
2021-04-30,Disapproval,0.44745197
2021-04-30,Approval,0.58553495
2021-04-30,Disapproval,0.35131166999999996
2021-04-30,Approval,0.55370073
2021-04-30,Disapproval,0.41010219
2021-04-30,Approval,0.49799335999999994
2021-04-30,Disapproval,0.45421348
2021-04-04,Approval,0.57159613
2021-04-04,Disapproval,0.38463042000000003
2021-04-04,Approval,0.57053495
2021-04-04,Disapproval,0.37131167
2021-04-05,Approval,0.53329282
2021-04-05,Disapproval,0.36886474999999996
2021-04-05,Approval,0.49552326999999996
2021-04-05,Disapproval,0.44745197
2021-04-05,Approval,0.55659613
2021-04-05,Disapproval,0.40463042
2021-04-05,Approval,0.53181999
2021-04-05,Disapproval,0.36038283
2021-04-05,Approval,0.55553495
2021-04-05,Disapproval,0.39131167
2021-04-05,Approval,0.49799335999999994
2021-04-05,Disapproval,0.45421348
2021-04-06,Approval,0.49552326999999996
2021-04-06,Disapproval,0.44745197
2021-04-06,Approval,0.49799335999999994
2021-04-06,Disapproval,0.45421348
2021-04-07,Approval,0.53659613
2021-04-07,Disapproval,0.39463042000000004
2021-04-07,Approval,0.54659613
2021-04-07,Disapproval,0.39463042000000004
2021-04-07,Approval,0.53659613
2021-04-07,Disapproval,0.39463042000000004
2021-04-07,Approval,0.53659613
2021-04-07,Disapproval,0.39463042000000004
2021-04-07,Approval,0.52659613
2021-04-07,Disapproval,0.39463042000000004
2021-04-07,Approval,0.52659613
2021-04-07,Disapproval,0.39463042000000004
2021-04-07,Approval,0.52659613
2021-04-07,Disapproval,0.39463042000000004
2021-04-07,Approval,0.52659613
2021-04-07,Disapproval,0.42463042
2021-04-07,Approval,0.5048559300000001
2021-04-07,Disapproval,0.41587670000000004
2021-04-07,Approval,0.51552327
2021-04-07,Disapproval,0.43745196999999997
2021-04-07,Approval,0.53553495
2021-04-07,Disapproval,0.38131167
2021-04-07,Approval,0.54553495
2021-04-07,Disapproval,0.38131167
2021-04-07,Approval,0.53553495
2021-04-07,Disapproval,0.38131167
2021-04-07,Approval,0.53553495
2021-04-07,Disapproval,0.38131167
2021-04-07,Approval,0.52553495
2021-04-07,Disapproval,0.38131167
2021-04-07,Approval,0.52553495
2021-04-07,Disapproval,0.38131167
2021-04-07,Approval,0.52553495
2021-04-07,Disapproval,0.38131167
2021-04-07,Approval,0.52553495
2021-04-07,Disapproval,0.41131166999999996
2021-04-07,Approval,0.50266469
2021-04-07,Disapproval,0.40489514
2021-04-07,Approval,0.56606598
2021-04-07,Disapproval,0.38669508
2021-04-07,Approval,0.53413204
2021-04-07,Disapproval,0.41128003999999996
2021-04-07,Approval,0.51799336
2021-04-07,Disapproval,0.44421348
2021-04-08,Approval,0.54518611
2021-04-08,Disapproval,0.40188048000000004
2021-04-08,Approval,0.52659613
2021-04-08,Disapproval,0.39463042000000004
2021-04-08,Approval,0.52659613
2021-04-08,Disapproval,0.39463042000000004
2021-04-08,Approval,0.52659613
2021-04-08,Disapproval,0.39463042000000004
2021-04-08,Approval,0.52659613
2021-04-08,Disapproval,0.39463042000000004
2021-04-08,Approval,0.53659613
2021-04-08,Disapproval,0.39463042000000004
2021-04-08,Approval,0.53659613
2021-04-08,Disapproval,0.39463042000000004
2021-04-08,Approval,0.53659613
2021-04-08,Disapproval,0.39463042000000004
2021-04-08,Approval,0.53552327
2021-04-08,Disapproval,0.41745196999999995
2021-04-08,Approval,0.5473700699999999
2021-04-08,Disapproval,0.38029437
2021-04-08,Approval,0.52553495
2021-04-08,Disapproval,0.38131167
2021-04-08,Approval,0.52553495
2021-04-08,Disapproval,0.38131167
2021-04-08,Approval,0.52553495
2021-04-08,Disapproval,0.38131167
2021-04-08,Approval,0.52553495
2021-04-08,Disapproval,0.38131167
2021-04-08,Approval,0.53553495
2021-04-08,Disapproval,0.38131167
2021-04-08,Approval,0.53553495
2021-04-08,Disapproval,0.38131167
2021-04-08,Approval,0.53553495
2021-04-08,Disapproval,0.38131167
2021-04-08,Approval,0.54492812
2021-04-08,Disapproval,0.37023597
2021-04-08,Approval,0.54628524
2021-04-08,Disapproval,0.40668766
2021-04-08,Approval,0.53799336
2021-04-08,Disapproval,0.42421348000000003
2021-04-09,Approval,0.56183597
2021-04-09,Disapproval,0.39429696999999997
2021-04-09,Approval,0.52552327
2021-04-09,Disapproval,0.41745196999999995
2021-04-09,Approval,0.56370073
2021-04-09,Disapproval,0.40010218999999997
2021-04-09,Approval,0.52799336
2021-04-09,Disapproval,0.42421348000000003
2021-05-01,Approval,0.55485593
2021-05-01,Disapproval,0.3758767
2021-05-01,Approval,0.55266469
2021-05-01,Disapproval,0.36489514
2021-05-10,Approval,0.5939716700000001
2021-05-10,Disapproval,0.36374722
2021-05-10,Approval,0.55659613
2021-05-10,Disapproval,0.39463042000000004
2021-05-10,Approval,0.52552327
2021-05-10,Disapproval,0.41745196999999995
2021-05-10,Approval,0.59362992
2021-05-10,Disapproval,0.35572939
2021-05-10,Approval,0.55553495
2021-05-10,Disapproval,0.38131167
2021-05-10,Approval,0.52799336
2021-05-10,Disapproval,0.42421348000000003
2021-05-10,Approval,0.5360659799999999
2021-05-10,Disapproval,0.41669508
2021-05-11,Approval,0.52552327
2021-05-11,Disapproval,0.41745196999999995
2021-05-11,Approval,0.53362465
2021-05-11,Disapproval,0.39140672000000004
2021-05-11,Approval,0.53157561
2021-05-11,Disapproval,0.38511383000000005
2021-05-11,Approval,0.52799336
2021-05-11,Disapproval,0.42421348000000003
2021-05-12,Approval,0.49907218999999997
2021-05-12,Disapproval,0.45154399
2021-05-12,Approval,0.54518611
2021-05-12,Disapproval,0.40188048000000004
2021-05-12,Approval,0.50552327
2021-05-12,Disapproval,0.43745196999999997
2021-05-12,Approval,0.52485593
2021-05-12,Disapproval,0.3958767
2021-05-12,Approval,0.5011306
2021-05-12,Disapproval,0.43638972000000004
2021-05-12,Approval,0.52266469
2021-05-12,Disapproval,0.38489514
2021-05-12,Approval,0.49674507
2021-05-12,Disapproval,0.45790852
2021-05-12,Approval,0.54628524
2021-05-12,Disapproval,0.40668766
2021-05-12,Approval,0.53413204
2021-05-12,Disapproval,0.43128004
2021-05-12,Approval,0.50799336
2021-05-12,Disapproval,0.44421348
2021-05-12,Approval,0.50066975
2021-05-12,Disapproval,0.44102196
2021-05-13,Approval,0.51659613
2021-05-13,Disapproval,0.42463042
2021-05-13,Approval,0.54659613
2021-05-13,Disapproval,0.39463042000000004
2021-05-13,Approval,0.54659613
2021-05-13,Disapproval,0.39463042000000004
2021-05-13,Approval,0.54659613
2021-05-13,Disapproval,0.39463042000000004
2021-05-13,Approval,0.53659613
2021-05-13,Disapproval,0.39463042000000004
2021-05-13,Approval,0.53659613
2021-05-13,Disapproval,0.39463042000000004
2021-05-13,Approval,0.53659613
2021-05-13,Disapproval,0.40463042
2021-05-13,Approval,0.53659613
2021-05-13,Disapproval,0.40463042
2021-05-13,Approval,0.53659613
2021-05-13,Disapproval,0.42463042
2021-05-13,Approval,0.52552327
2021-05-13,Disapproval,0.41745196999999995
2021-05-13,Approval,0.5473700699999999
2021-05-13,Disapproval,0.39029437
2021-05-13,Approval,0.5155349499999999
2021-05-13,Disapproval,0.41131166999999996
2021-05-13,Approval,0.54553495
2021-05-13,Disapproval,0.38131167
2021-05-13,Approval,0.54553495
2021-05-13,Disapproval,0.38131167
2021-05-13,Approval,0.54553495
2021-05-13,Disapproval,0.38131167
2021-05-13,Approval,0.53553495
2021-05-13,Disapproval,0.38131167
2021-05-13,Approval,0.53553495
2021-05-13,Disapproval,0.38131167
2021-05-13,Approval,0.53553495
2021-05-13,Disapproval,0.39131167
2021-05-13,Approval,0.53553495
2021-05-13,Disapproval,0.41131166999999996
2021-05-13,Approval,0.53553495
2021-05-13,Disapproval,0.39131167
2021-05-13,Approval,0.54492812
2021-05-13,Disapproval,0.38023597000000003
2021-05-13,Approval,0.52799336
2021-05-13,Disapproval,0.42421348000000003
2021-05-14,Approval,0.5239091100000001
2021-05-14,Disapproval,0.37941813
2021-05-14,Approval,0.51552327
2021-05-14,Disapproval,0.43745196999999997
2021-05-14,Approval,0.52330374
2021-05-14,Disapproval,0.38438766
2021-05-14,Approval,0.51799336
2021-05-14,Disapproval,0.44421348
2021-05-17,Approval,0.5394561999999999
2021-05-17,Disapproval,0.40825654
2021-05-17,Approval,0.5048559300000001
2021-05-17,Disapproval,0.40587670000000003
2021-05-17,Approval,0.53552327
2021-05-17,Disapproval,0.41745196999999995
2021-05-17,Approval,0.53867191
2021-05-17,Disapproval,0.39948830999999996
2021-05-17,Approval,0.50266469
2021-05-17,Disapproval,0.39489514
2021-05-17,Approval,0.53390935
2021-05-17,Disapproval,0.38419798
2021-05-17,Approval,0.53944269
2021-05-17,Disapproval,0.41705105000000003
2021-05-17,Approval,0.53799336
2021-05-17,Disapproval,0.42421348000000003
2021-05-18,Approval,0.52552327
2021-05-18,Disapproval,0.41745196999999995
2021-05-18,Approval,0.52799336
2021-05-18,Disapproval,0.42421348000000003
2021-05-19,Approval,0.53737007
2021-05-19,Disapproval,0.41029437
2021-05-19,Approval,0.53659613
2021-05-19,Disapproval,0.42463042
2021-05-19,Approval,0.54659613
2021-05-19,Disapproval,0.41963042
2021-05-19,Approval,0.5463173299999999
2021-05-19,Disapproval,0.42458225
2021-05-19,Approval,0.54659613
2021-05-19,Disapproval,0.41463042
2021-05-19,Approval,0.52659613
2021-05-19,Disapproval,0.45463042000000004
2021-05-19,Approval,0.53552327
2021-05-19,Disapproval,0.41745196999999995
2021-05-19,Approval,0.52485593
2021-05-19,Disapproval,0.41587670000000004
2021-05-19,Approval,0.53492812
2021-05-19,Disapproval,0.40023597
2021-05-19,Approval,0.53553495
2021-05-19,Disapproval,0.41131166999999996
2021-05-19,Approval,0.54553495
2021-05-19,Disapproval,0.40631166999999996
2021-05-19,Approval,0.54553495
2021-05-19,Disapproval,0.40131166999999995
2021-05-19,Approval,0.52266469
2021-05-19,Disapproval,0.40489514
2021-05-19,Approval,0.5478328299999999
2021-05-19,Disapproval,0.42862995
2021-05-19,Approval,0.51606598
2021-05-19,Disapproval,0.43669508
2021-05-19,Approval,0.52413204
2021-05-19,Disapproval,0.42128003999999997
2021-05-19,Approval,0.53799336
2021-05-19,Disapproval,0.42421348000000003
2021-05-20,Approval,0.53659613
2021-05-20,Disapproval,0.40463042
2021-05-20,Approval,0.52659613
2021-05-20,Disapproval,0.40463042
2021-05-20,Approval,0.52659613
2021-05-20,Disapproval,0.40463042
2021-05-20,Approval,0.52659613
2021-05-20,Disapproval,0.40463042
2021-05-20,Approval,0.52659613
2021-05-20,Disapproval,0.40463042
2021-05-20,Approval,0.52659613
2021-05-20,Disapproval,0.40463042
2021-05-20,Approval,0.54659613
2021-05-20,Disapproval,0.39463042000000004
2021-05-20,Approval,0.52659613
2021-05-20,Disapproval,0.41463042
2021-05-20,Approval,0.54552327
2021-05-20,Disapproval,0.39745197
2021-05-20,Approval,0.53553495
2021-05-20,Disapproval,0.39131167
2021-05-20,Approval,0.52553495
2021-05-20,Disapproval,0.39131167
2021-05-20,Approval,0.52553495
2021-05-20,Disapproval,0.39131167
2021-05-20,Approval,0.52553495
2021-05-20,Disapproval,0.39131167
2021-05-20,Approval,0.52553495
2021-05-20,Disapproval,0.39131167
2021-05-20,Approval,0.52553495
2021-05-20,Disapproval,0.39131167
2021-05-20,Approval,0.52553495
2021-05-20,Disapproval,0.40131166999999995
2021-05-20,Approval,0.54553495
2021-05-20,Disapproval,0.38131167
2021-05-20,Approval,0.54799336
2021-05-20,Disapproval,0.40421348
2021-05-21,Approval,0.5281500100000001
2021-05-21,Disapproval,0.39749653
2021-05-21,Approval,0.5588824
2021-05-21,Disapproval,0.41158535999999996
2021-05-21,Approval,0.55183597
2021-05-21,Disapproval,0.40429697
2021-05-21,Approval,0.54552327
2021-05-21,Disapproval,0.39745197
2021-05-21,Approval,0.55182703
2021-05-21,Disapproval,0.38887243
2021-05-21,Approval,0.57483619
2021-05-21,Disapproval,0.40075180000000005
2021-05-21,Approval,0.5473700699999999
2021-05-21,Disapproval,0.40029437
2021-05-21,Approval,0.5270059899999999
2021-05-21,Disapproval,0.39048882
2021-05-21,Approval,0.54997248
2021-05-21,Disapproval,0.38221848999999997
2021-05-21,Approval,0.54492812
2021-05-21,Disapproval,0.39023597000000004
2021-05-21,Approval,0.56134218
2021-05-21,Disapproval,0.41565131
2021-05-21,Approval,0.55370073
2021-05-21,Disapproval,0.41010219
2021-05-21,Approval,0.5529753000000001
2021-05-21,Disapproval,0.39200617
2021-05-21,Approval,0.54799336
2021-05-21,Disapproval,0.40421348
2021-05-21,Approval,0.57663144
2021-05-21,Disapproval,0.40270431
2021-05-24,Approval,0.53659613
2021-05-24,Disapproval,0.40463042
2021-05-24,Approval,0.54659613
2021-05-24,Disapproval,0.41463042
2021-05-24,Approval,0.56552327
2021-05-24,Disapproval,0.36745196999999996
2021-05-24,Approval,0.53553495
2021-05-24,Disapproval,0.39131167
2021-05-24,Approval,0.54553495
2021-05-24,Disapproval,0.40131166999999995
2021-05-24,Approval,0.56799336
2021-05-24,Disapproval,0.37421348000000004
2021-05-25,Approval,0.56683597
2021-05-25,Disapproval,0.37429696999999995
2021-05-25,Approval,0.56552327
2021-05-25,Disapproval,0.37745196999999997
2021-05-25,Approval,0.53659613
2021-05-25,Disapproval,0.43463042
2021-05-25,Approval,0.53553495
2021-05-25,Disapproval,0.42131166999999997
2021-05-25,Approval,0.56870073
2021-05-25,Disapproval,0.38010219
2021-05-25,Approval,0.56799336
2021-05-25,Disapproval,0.38421348
2021-05-25,Approval,0.5260659799999999
2021-05-25,Disapproval,0.42669508
2021-05-26,Approval,0.5123586
2021-05-26,Disapproval,0.4087775
2021-05-26,Approval,0.52362465
2021-05-26,Disapproval,0.39140672000000004
2021-05-26,Approval,0.52518611
2021-05-26,Disapproval,0.43188048
2021-05-26,Approval,0.53485593
2021-05-26,Disapproval,0.3958767
2021-05-26,Approval,0.57552327
2021-05-26,Disapproval,0.36745196999999996
2021-05-26,Approval,0.5333991
2021-05-26,Disapproval,0.41352511999999997
2021-05-26,Approval,0.5100875899999999
2021-05-26,Disapproval,0.40204054
2021-05-26,Approval,0.52157561
2021-05-26,Disapproval,0.38511383000000005
2021-05-26,Approval,0.53266469
2021-05-26,Disapproval,0.38489514
2021-05-26,Approval,0.50755142
2021-05-26,Disapproval,0.42115361
2021-05-26,Approval,0.52628524
2021-05-26,Disapproval,0.43668766
2021-05-26,Approval,0.57799336
2021-05-26,Disapproval,0.37421348000000004
2021-05-26,Approval,0.53413204
2021-05-26,Disapproval,0.41128003999999996
2021-05-26,Approval,0.53625263
2021-05-26,Disapproval,0.41592625
2021-05-27,Approval,0.52659613
2021-05-27,Disapproval,0.41463042
2021-05-27,Approval,0.52659613
2021-05-27,Disapproval,0.41463042
2021-05-27,Approval,0.52659613
2021-05-27,Disapproval,0.41463042
2021-05-27,Approval,0.52659613
2021-05-27,Disapproval,0.42463042
2021-05-27,Approval,0.52659613
2021-05-27,Disapproval,0.42463042
2021-05-27,Approval,0.52659613
2021-05-27,Disapproval,0.42463042
2021-05-27,Approval,0.52659613
2021-05-27,Disapproval,0.41463042
2021-05-27,Approval,0.55552327
2021-05-27,Disapproval,0.38745197
2021-05-27,Approval,0.50737007
2021-05-27,Disapproval,0.45029437
2021-05-27,Approval,0.52553495
2021-05-27,Disapproval,0.40131166999999995
2021-05-27,Approval,0.52553495
2021-05-27,Disapproval,0.40131166999999995
2021-05-27,Approval,0.52553495
2021-05-27,Disapproval,0.40131166999999995
2021-05-27,Approval,0.52553495
2021-05-27,Disapproval,0.41131166999999996
2021-05-27,Approval,0.52553495
2021-05-27,Disapproval,0.41131166999999996
2021-05-27,Approval,0.52553495
2021-05-27,Disapproval,0.41131166999999996
2021-05-27,Approval,0.52553495
2021-05-27,Disapproval,0.40131166999999995
2021-05-27,Approval,0.50492812
2021-05-27,Disapproval,0.44023597000000003
2021-05-27,Approval,0.55799336
2021-05-27,Disapproval,0.39421348
2021-05-28,Approval,0.5048559300000001
2021-05-28,Disapproval,0.41587670000000004
2021-05-28,Approval,0.50266469
2021-05-28,Disapproval,0.40489514
2021-05-03,Approval,0.54659613
2021-05-03,Disapproval,0.40463042
2021-05-03,Approval,0.54683597
2021-05-03,Disapproval,0.39429696999999997
2021-05-03,Approval,0.51329282
2021-05-03,Disapproval,0.35886474999999995
2021-05-03,Approval,0.50552327
2021-05-03,Disapproval,0.42745196999999996
2021-05-03,Approval,0.54553495
2021-05-03,Disapproval,0.39131167
2021-05-03,Approval,0.51181999
2021-05-03,Disapproval,0.35038283
2021-05-03,Approval,0.54870073
2021-05-03,Disapproval,0.40010218999999997
2021-05-03,Approval,0.50799336
2021-05-03,Disapproval,0.43421348000000004
2021-05-03,Approval,0.54606598
2021-05-03,Disapproval,0.39669508
2021-05-04,Approval,0.51552327
2021-05-04,Disapproval,0.42745196999999996
2021-05-04,Approval,0.51799336
2021-05-04,Disapproval,0.43421348000000004
2021-05-05,Approval,0.49485593
2021-05-05,Disapproval,0.42587670000000005
2021-05-05,Approval,0.52552327
2021-05-05,Disapproval,0.40745197
2021-05-05,Approval,0.53737007
2021-05-05,Disapproval,0.39029437
2021-05-05,Approval,0.49266469
2021-05-05,Disapproval,0.41489514
2021-05-05,Approval,0.53492812
2021-05-05,Disapproval,0.38023597000000003
2021-05-05,Approval,0.52799336
2021-05-05,Disapproval,0.41421348
2021-05-05,Approval,0.50413204
2021-05-05,Disapproval,0.45128004
2021-05-06,Approval,0.53659613
2021-05-06,Disapproval,0.39463042000000004
2021-05-06,Approval,0.53659613
2021-05-06,Disapproval,0.39463042000000004
2021-05-06,Approval,0.53659613
2021-05-06,Disapproval,0.39463042000000004
2021-05-06,Approval,0.54659613
2021-05-06,Disapproval,0.39463042000000004
2021-05-06,Approval,0.54659613
2021-05-06,Disapproval,0.39463042000000004
2021-05-06,Approval,0.54659613
2021-05-06,Disapproval,0.39463042000000004
2021-05-06,Approval,0.54659613
2021-05-06,Disapproval,0.39463042000000004
2021-05-06,Approval,0.53552327
2021-05-06,Disapproval,0.40745197
2021-05-06,Approval,0.53553495
2021-05-06,Disapproval,0.38131167
2021-05-06,Approval,0.53553495
2021-05-06,Disapproval,0.38131167
2021-05-06,Approval,0.53553495
2021-05-06,Disapproval,0.38131167
2021-05-06,Approval,0.54553495
2021-05-06,Disapproval,0.38131167
2021-05-06,Approval,0.54553495
2021-05-06,Disapproval,0.38131167
2021-05-06,Approval,0.54553495
2021-05-06,Disapproval,0.38131167
2021-05-06,Approval,0.54553495
2021-05-06,Disapproval,0.38131167
2021-05-06,Approval,0.53799336
2021-05-06,Disapproval,0.41421348
2021-05-07,Approval,0.53659613
2021-05-07,Disapproval,0.41463042
2021-05-07,Approval,0.55183597
2021-05-07,Disapproval,0.40429697
2021-05-07,Approval,0.53552327
2021-05-07,Disapproval,0.40745197
2021-05-07,Approval,0.53553495
2021-05-07,Disapproval,0.40131166999999995
2021-05-07,Approval,0.55370073
2021-05-07,Disapproval,0.41010219
2021-05-07,Approval,0.53799336
2021-05-07,Disapproval,0.41421348
2021-06-01,Approval,0.57659613
2021-06-01,Disapproval,0.41463042
2021-06-01,Approval,0.52659613
2021-06-01,Disapproval,0.42463042
2021-06-01,Approval,0.57552327
2021-06-01,Disapproval,0.36745196999999996
2021-06-01,Approval,0.53329282
2021-06-01,Disapproval,0.35886474999999995
2021-06-01,Approval,0.55552327
2021-06-01,Disapproval,0.38745197
2021-06-01,Approval,0.55552327
2021-06-01,Disapproval,0.38745197
2021-06-01,Approval,0.52553495
2021-06-01,Disapproval,0.41131166999999996
2021-06-01,Approval,0.53181999
2021-06-01,Disapproval,0.35038283
2021-06-01,Approval,0.56606598
2021-06-01,Disapproval,0.39669508
2021-06-01,Approval,0.57799336
2021-06-01,Disapproval,0.37421348000000004
2021-06-01,Approval,0.55799336
2021-06-01,Disapproval,0.39421348
2021-06-01,Approval,0.55799336
2021-06-01,Disapproval,0.39421348
2021-06-10,Approval,0.51659613
2021-06-10,Disapproval,0.41463042
2021-06-10,Approval,0.51659613
2021-06-10,Disapproval,0.41463042
2021-06-10,Approval,0.51659613
2021-06-10,Disapproval,0.42463042
2021-06-10,Approval,0.51659613
2021-06-10,Disapproval,0.42463042
2021-06-10,Approval,0.51659613
2021-06-10,Disapproval,0.42463042
2021-06-10,Approval,0.51659613
2021-06-10,Disapproval,0.42463042
2021-06-10,Approval,0.50659613
2021-06-10,Disapproval,0.42463042
2021-06-10,Approval,0.49659613
2021-06-10,Disapproval,0.44463042
2021-06-10,Approval,0.54552327
2021-06-10,Disapproval,0.40745197
2021-06-10,Approval,0.5155349499999999
2021-06-10,Disapproval,0.40131166999999995
2021-06-10,Approval,0.5155349499999999
2021-06-10,Disapproval,0.40131166999999995
2021-06-10,Approval,0.5155349499999999
2021-06-10,Disapproval,0.41131166999999996
2021-06-10,Approval,0.5155349499999999
2021-06-10,Disapproval,0.41131166999999996
2021-06-10,Approval,0.5155349499999999
2021-06-10,Disapproval,0.41131166999999996
2021-06-10,Approval,0.5155349499999999
2021-06-10,Disapproval,0.41131166999999996
2021-06-10,Approval,0.5055349499999999
2021-06-10,Disapproval,0.41131166999999996
2021-06-10,Approval,0.49553495
2021-06-10,Disapproval,0.43131167
2021-06-10,Approval,0.54799336
2021-06-10,Disapproval,0.41421348
2021-06-11,Approval,0.56183597
2021-06-11,Disapproval,0.39429696999999997
2021-06-11,Approval,0.51552327
2021-06-11,Disapproval,0.42745196999999996
2021-06-11,Approval,0.53737007
2021-06-11,Disapproval,0.41029437
2021-06-11,Approval,0.53492812
2021-06-11,Disapproval,0.40023597
2021-06-11,Approval,0.56370073
2021-06-11,Disapproval,0.40010218999999997
2021-06-11,Approval,0.51799336
2021-06-11,Disapproval,0.43421348000000004
2021-06-14,Approval,0.51552327
2021-06-14,Disapproval,0.43745196999999997
2021-06-14,Approval,0.51799336
2021-06-14,Disapproval,0.44421348
2021-06-15,Approval,0.5215116
2021-06-15,Disapproval,0.43975955999999994
2021-06-15,Approval,0.51552327
2021-06-15,Disapproval,0.42745196999999996
2021-06-15,Approval,0.52199266
2021-06-15,Disapproval,0.44151485
2021-06-15,Approval,0.51799336
2021-06-15,Disapproval,0.43421348000000004
2021-06-16,Approval,0.51659613
2021-06-16,Disapproval,0.47463042
2021-06-16,Approval,0.48458244
2021-06-16,Disapproval,0.43012877000000005
2021-06-16,Approval,0.51518611
2021-06-16,Disapproval,0.43188048
2021-06-16,Approval,0.49485593
2021-06-16,Disapproval,0.4358767
2021-06-16,Approval,0.52552327
2021-06-16,Disapproval,0.41745196999999995
2021-06-16,Approval,0.48183987
2021-06-16,Disapproval,0.4231686
2021-06-16,Approval,0.49266469
2021-06-16,Disapproval,0.42489514
2021-06-16,Approval,0.49744331
2021-06-16,Disapproval,0.42956080999999996
2021-06-16,Approval,0.50606598
2021-06-16,Disapproval,0.45669508000000003
2021-06-16,Approval,0.51628524
2021-06-16,Disapproval,0.43668766
2021-06-16,Approval,0.49413204
2021-06-16,Disapproval,0.44128004
2021-06-16,Approval,0.52799336
2021-06-16,Disapproval,0.42421348000000003
2021-06-17,Approval,0.54659613
2021-06-17,Disapproval,0.41463042
2021-06-17,Approval,0.50659613
2021-06-17,Disapproval,0.42463042
2021-06-17,Approval,0.50659613
2021-06-17,Disapproval,0.42463042
2021-06-17,Approval,0.51659613
2021-06-17,Disapproval,0.42463042
2021-06-17,Approval,0.51659613
2021-06-17,Disapproval,0.42463042
2021-06-17,Approval,0.51659613
2021-06-17,Disapproval,0.42463042
2021-06-17,Approval,0.50659613
2021-06-17,Disapproval,0.42463042
2021-06-17,Approval,0.51397167
2021-06-17,Disapproval,0.44374722
2021-06-17,Approval,0.51659613
2021-06-17,Disapproval,0.42463042
2021-06-17,Approval,0.52552327
2021-06-17,Disapproval,0.41745196999999995
2021-06-17,Approval,0.50737007
2021-06-17,Disapproval,0.43029437000000004
2021-06-17,Approval,0.54553495
2021-06-17,Disapproval,0.40131166999999995
2021-06-17,Approval,0.5055349499999999
2021-06-17,Disapproval,0.41131166999999996
2021-06-17,Approval,0.5055349499999999
2021-06-17,Disapproval,0.41131166999999996
2021-06-17,Approval,0.5155349499999999
2021-06-17,Disapproval,0.41131166999999996
2021-06-17,Approval,0.5155349499999999
2021-06-17,Disapproval,0.41131166999999996
2021-06-17,Approval,0.5155349499999999
2021-06-17,Disapproval,0.41131166999999996
2021-06-17,Approval,0.5055349499999999
2021-06-17,Disapproval,0.41131166999999996
2021-06-17,Approval,0.5155349499999999
2021-06-17,Disapproval,0.41131166999999996
2021-06-17,Approval,0.51362992
2021-06-17,Disapproval,0.43572939
2021-06-17,Approval,0.50492812
2021-06-17,Disapproval,0.42023597
2021-06-17,Approval,0.52799336
2021-06-17,Disapproval,0.42421348000000003
2021-06-18,Approval,0.53552327
2021-06-18,Disapproval,0.41745196999999995
2021-06-18,Approval,0.53799336
2021-06-18,Disapproval,0.42421348000000003
2021-06-02,Approval,0.53552327
2021-06-02,Disapproval,0.41745196999999995
2021-06-02,Approval,0.51485593
2021-06-02,Disapproval,0.40587670000000003
2021-06-02,Approval,0.51266469
2021-06-02,Disapproval,0.39489514
2021-06-02,Approval,0.53799336
2021-06-02,Disapproval,0.42421348000000003
2021-06-02,Approval,0.51413204
2021-06-02,Disapproval,0.42128003999999997
2021-06-21,Approval,0.54659613
2021-06-21,Disapproval,0.40463042
2021-06-21,Approval,0.54552327
2021-06-21,Disapproval,0.39745197
2021-06-21,Approval,0.50182703
2021-06-21,Disapproval,0.44887243
2021-06-21,Approval,0.54553495
2021-06-21,Disapproval,0.39131167
2021-06-21,Approval,0.49997248
2021-06-21,Disapproval,0.44221848999999996
2021-06-21,Approval,0.54799336
2021-06-21,Disapproval,0.40421348
2021-06-21,Approval,0.5029753
2021-06-21,Disapproval,0.45200617
2021-06-22,Approval,0.5481500100000001
2021-06-22,Disapproval,0.41749653000000003
2021-06-22,Approval,0.54659613
2021-06-22,Disapproval,0.41463042
2021-06-22,Approval,0.50362465
2021-06-22,Disapproval,0.41140672
2021-06-22,Approval,0.53552327
2021-06-22,Disapproval,0.40745197
2021-06-22,Approval,0.5470059899999999
2021-06-22,Disapproval,0.41048882
2021-06-22,Approval,0.54553495
2021-06-22,Disapproval,0.40131166999999995
2021-06-22,Approval,0.5015756100000001
2021-06-22,Disapproval,0.40511383
2021-06-22,Approval,0.53799336
2021-06-22,Disapproval,0.41421348
2021-06-23,Approval,0.52659613
2021-06-23,Disapproval,0.46463042
2021-06-23,Approval,0.5533991
2021-06-23,Disapproval,0.42352512
2021-06-23,Approval,0.51485593
2021-06-23,Disapproval,0.40587670000000003
2021-06-23,Approval,0.54552327
2021-06-23,Disapproval,0.39745197
2021-06-23,Approval,0.51266469
2021-06-23,Disapproval,0.39489514
2021-06-23,Approval,0.51606598
2021-06-23,Disapproval,0.44669508
2021-06-23,Approval,0.54799336
2021-06-23,Disapproval,0.40421348
2021-06-23,Approval,0.53413204
2021-06-23,Disapproval,0.43128004
2021-06-23,Approval,0.5562526299999999
2021-06-23,Disapproval,0.42592625
2021-06-24,Approval,0.55659613
2021-06-24,Disapproval,0.41463042
2021-06-24,Approval,0.55288266
2021-06-24,Disapproval,0.39649168
2021-06-24,Approval,0.51659613
2021-06-24,Disapproval,0.42463042
2021-06-24,Approval,0.51659613
2021-06-24,Disapproval,0.42463042
2021-06-24,Approval,0.51659613
2021-06-24,Disapproval,0.42463042
2021-06-24,Approval,0.51659613
2021-06-24,Disapproval,0.42463042
2021-06-24,Approval,0.51659613
2021-06-24,Disapproval,0.41463042
2021-06-24,Approval,0.52659613
2021-06-24,Disapproval,0.41463042
2021-06-24,Approval,0.5363173299999999
2021-06-24,Disapproval,0.43458225
2021-06-24,Approval,0.52659613
2021-06-24,Disapproval,0.42463042
2021-06-24,Approval,0.5488824
2021-06-24,Disapproval,0.41158535999999996
2021-06-24,Approval,0.53552327
2021-06-24,Disapproval,0.40745197
2021-06-24,Approval,0.51737007
2021-06-24,Disapproval,0.41029437
2021-06-24,Approval,0.55553495
2021-06-24,Disapproval,0.40131166999999995
2021-06-24,Approval,0.5155349499999999
2021-06-24,Disapproval,0.41131166999999996
2021-06-24,Approval,0.5155349499999999
2021-06-24,Disapproval,0.41131166999999996
2021-06-24,Approval,0.5155349499999999
2021-06-24,Disapproval,0.41131166999999996
2021-06-24,Approval,0.5155349499999999
2021-06-24,Disapproval,0.41131166999999996
2021-06-24,Approval,0.5155349499999999
2021-06-24,Disapproval,0.40131166999999995
2021-06-24,Approval,0.52553495
2021-06-24,Disapproval,0.40131166999999995
2021-06-24,Approval,0.52553495
2021-06-24,Disapproval,0.41131166999999996
2021-06-24,Approval,0.51492812
2021-06-24,Disapproval,0.40023597
2021-06-24,Approval,0.5528531799999999
2021-06-24,Disapproval,0.39933163
2021-06-24,Approval,0.5378328299999999
2021-06-24,Disapproval,0.43862995
2021-06-24,Approval,0.55134218
2021-06-24,Disapproval,0.41565131
2021-06-24,Approval,0.53799336
2021-06-24,Disapproval,0.41421348
2021-06-25,Approval,0.52313986
2021-06-25,Disapproval,0.41417487000000003
2021-06-25,Approval,0.52171033
2021-06-25,Disapproval,0.40989304
2021-06-26,Approval,0.54183597
2021-06-26,Disapproval,0.34429697
2021-06-26,Approval,0.51485593
2021-06-26,Disapproval,0.4358767
2021-06-26,Approval,0.51266469
2021-06-26,Disapproval,0.42489514
2021-06-26,Approval,0.54370073
2021-06-26,Disapproval,0.35010219
2021-06-28,Approval,0.56659613
2021-06-28,Disapproval,0.43463042
2021-06-28,Approval,0.56659613
2021-06-28,Disapproval,0.41463042
2021-06-28,Approval,0.51552327
2021-06-28,Disapproval,0.42745196999999996
2021-06-28,Approval,0.56553495
2021-06-28,Disapproval,0.40131166999999995
2021-06-28,Approval,0.55606598
2021-06-28,Disapproval,0.41669508
2021-06-28,Approval,0.51799336
2021-06-28,Disapproval,0.43421348000000004
2021-06-29,Approval,0.56659613
2021-06-29,Disapproval,0.41463042
2021-06-29,Approval,0.51552327
2021-06-29,Disapproval,0.42745196999999996
2021-06-29,Approval,0.56553495
2021-06-29,Disapproval,0.40131166999999995
2021-06-29,Approval,0.51799336
2021-06-29,Disapproval,0.43421348000000004
2021-06-03,Approval,0.5389066
2021-06-03,Disapproval,0.41982252000000003
2021-06-03,Approval,0.52659613
2021-06-03,Disapproval,0.41463042
2021-06-03,Approval,0.52659613
2021-06-03,Disapproval,0.41463042
2021-06-03,Approval,0.52659613
2021-06-03,Disapproval,0.41463042
2021-06-03,Approval,0.52659613
2021-06-03,Disapproval,0.41463042
2021-06-03,Approval,0.52659613
2021-06-03,Disapproval,0.41463042
2021-06-03,Approval,0.52659613
2021-06-03,Disapproval,0.41463042
2021-06-03,Approval,0.51659613
2021-06-03,Disapproval,0.41463042
2021-06-03,Approval,0.52552327
2021-06-03,Disapproval,0.42745196999999996
2021-06-03,Approval,0.52737007
2021-06-03,Disapproval,0.43029437000000004
2021-06-03,Approval,0.52553495
2021-06-03,Disapproval,0.40131166999999995
2021-06-03,Approval,0.52553495
2021-06-03,Disapproval,0.40131166999999995
2021-06-03,Approval,0.52553495
2021-06-03,Disapproval,0.40131166999999995
2021-06-03,Approval,0.52553495
2021-06-03,Disapproval,0.40131166999999995
2021-06-03,Approval,0.52553495
2021-06-03,Disapproval,0.40131166999999995
2021-06-03,Approval,0.52553495
2021-06-03,Disapproval,0.40131166999999995
2021-06-03,Approval,0.5155349499999999
2021-06-03,Disapproval,0.40131166999999995
2021-06-03,Approval,0.52492812
2021-06-03,Disapproval,0.42023597
2021-06-03,Approval,0.53855198
2021-06-03,Disapproval,0.42444084
2021-06-03,Approval,0.57390935
2021-06-03,Disapproval,0.35419798
2021-06-03,Approval,0.52799336
2021-06-03,Disapproval,0.43421348000000004
2021-06-30,Approval,0.49205738
2021-06-30,Disapproval,0.41145042
2021-06-30,Approval,0.52659613
2021-06-30,Disapproval,0.46463042
2021-06-30,Approval,0.49485593
2021-06-30,Disapproval,0.4358767
2021-06-30,Approval,0.50552327
2021-06-30,Disapproval,0.43745196999999997
2021-06-30,Approval,0.48753253999999996
2021-06-30,Disapproval,0.41150968
2021-06-30,Approval,0.49266469
2021-06-30,Disapproval,0.42489514
2021-06-30,Approval,0.51606598
2021-06-30,Disapproval,0.44669508
2021-06-30,Approval,0.50799336
2021-06-30,Disapproval,0.44421348
2021-06-30,Approval,0.51413204
2021-06-30,Disapproval,0.45128004
2021-06-04,Approval,0.56183597
2021-06-04,Disapproval,0.39429696999999997
2021-06-04,Approval,0.51552327
2021-06-04,Disapproval,0.42745196999999996
2021-06-04,Approval,0.56370073
2021-06-04,Disapproval,0.40010218999999997
2021-06-04,Approval,0.51799336
2021-06-04,Disapproval,0.43421348000000004
2021-06-07,Approval,0.50552327
2021-06-07,Disapproval,0.42745196999999996
2021-06-07,Approval,0.50799336
2021-06-07,Disapproval,0.43421348000000004
2021-06-08,Approval,0.53072331
2021-06-08,Disapproval,0.40505290000000005
2021-06-08,Approval,0.51552327
2021-06-08,Disapproval,0.42745196999999996
2021-06-08,Approval,0.52362465
2021-06-08,Disapproval,0.39140672000000004
2021-06-08,Approval,0.50659613
2021-06-08,Disapproval,0.46463042
2021-06-08,Approval,0.52157561
2021-06-08,Disapproval,0.38511383000000005
2021-06-08,Approval,0.5324130300000001
2021-06-08,Disapproval,0.4092392
2021-06-08,Approval,0.51799336
2021-06-08,Disapproval,0.43421348000000004
2021-06-08,Approval,0.49606597999999996
2021-06-08,Disapproval,0.44669508
2021-06-09,Approval,0.52659613
2021-06-09,Disapproval,0.43463042
2021-06-09,Approval,0.53552327
2021-06-09,Disapproval,0.41745196999999995
2021-06-09,Approval,0.51485593
2021-06-09,Disapproval,0.40587670000000003
2021-06-09,Approval,0.52553495
2021-06-09,Disapproval,0.42131166999999997
2021-06-09,Approval,0.51266469
2021-06-09,Disapproval,0.39489514
2021-06-09,Approval,0.53799336
2021-06-09,Disapproval,0.42421348000000003
2021-06-09,Approval,0.52413204
2021-06-09,Disapproval,0.42128003999999997
